{
    "10": {
        "mean": 0.6043398777643839,
        "max": 0.9058067202568054
    },
    "11": {
        "mean": 0.6905301958322525,
        "max": 0.947819173336029
    },
    "19": {
        "mean": 0.7151058912277222,
        "max": 0.8899708390235901
    },
    "26": {
        "mean": 0.7303020854791006,
        "max": 0.8259121775627136
    },
    "56": {
        "mean": 0.6530572523673376,
        "max": 0.881683886051178
    }
}